skill_id,skill_name,r1_id,category
0,android开发,7,技术研发
1,app开发,7,技术研发
2,c语言开发,7,技术研发
3,gpt,0,产品
4,ios开发,7,技术研发
5,javascript,7,技术研发
6,java开发,7,技术研发
7,linux开发,7,技术研发
8,linux操作,6,技术支持与运维
9,LLm,12,金融
10,php开发,7,技术研发
11,pmp证书,6,技术支持与运维
12,ppo,6,技术支持与运维
13,python开发,7,技术研发
14,sql优化,7,技术研发
15,sqL开发,7,技术研发
16,ui设计,10,设计
17,vi设计,10,设计
18,vue开发,7,技术研发
19,web开发,7,技术研发
20,三维软件,2,传媒
21,上传,2,传媒
22,上市公司,13,销售
23,上架,2,传媒
24,上进心,11,运营
25,下单,11,运营
26,与人沟通,11,运营
27,专利,3,医疗
28,专注,11,运营
29,专题分析,10,设计
30,专题策划,2,传媒
31,业务优化,0,产品
32,业务信息,12,金融
33,业务分析,0,产品
34,业务办理,9,生活服务
35,业务发展,0,产品
36,业务合作,12,金融
37,业务员,13,销售
38,业务咨询,11,运营
39,业务场景,10,设计
40,业务培训,4,培训
41,业务增长,0,产品
42,业务处理,12,金融
43,业务开发,0,产品
44,业务开拓,13,销售
45,业务拓展,13,销售
46,业务操作,13,销售
47,业务方,0,产品
48,业务沟通,1,企业内部管理
49,业务测试,7,技术研发
50,业务理解,0,产品
51,业务知识,0,产品
52,业务管理,12,金融
53,业务系统,7,技术研发
54,业务线,0,产品
55,业务规划,0,产品
56,业务跟进,10,设计
57,严谨,3,医疗
58,个性化教学,8,教育培训
59,中医,3,医疗
60,中文,8,教育培训
61,中药,3,医疗
62,中餐,9,生活服务
63,临床数据,3,医疗
64,临床研发,3,医疗
65,临床研究,3,医疗
66,临床药学,3,医疗
67,临床试验,3,医疗
68,为客户提供优质,13,销售
69,主动性,13,销售
70,主持,2,传媒
71,主播,2,传媒
72,乐器,4,培训
73,乐观,7,技术研发
74,乒乓球,4,培训
75,书写,3,医疗
76,书法,4,培训
77,书面沟通,11,运营
78,书面表达,0,产品
79,了解客户,13,销售
80,争议解决,11,运营
81,事业心,13,销售
82,事务处理,6,技术支持与运维
83,事务管理,6,技术支持与运维
84,事故处理,12,金融
85,二次开发,7,技术研发
86,云平台,6,技术支持与运维
87,云服务,6,技术支持与运维
88,云计算,6,技术支持与运维
89,互动交流,2,传媒
90,互联网产品,11,运营
91,互联网平台,2,传媒
92,互联网广告,2,传媒
93,互联网金融,12,金融
94,亚马逊,11,运营
95,交互,10,设计
96,交付,6,技术支持与运维
97,交换机,6,技术支持与运维
98,交易操作,12,金融
99,交易服务,13,销售
100,交易流程,0,产品
101,交流沟通,8,教育培训
102,交通工具,4,培训
103,交际,12,金融
104,产业园,13,销售
105,产品上线,0,产品
106,产品业务,0,产品
107,产品介绍,9,生活服务
108,产品优化,11,运营
109,产品分析,0,产品
110,产品制作,9,生活服务
111,产品功能,4,培训
112,产品发展,0,产品
113,产品发布,5,市场
114,产品培训,4,培训
115,产品实施,0,产品
116,产品市场,0,产品
117,产品应用,0,产品
118,产品开发,0,产品
119,产品思维,0,产品
120,产品推广,5,市场
121,产品描述,0,产品
122,产品改进,0,产品
123,产品方案,0,产品
124,产品架构,0,产品
125,产品标准,3,医疗
126,产品检验,3,医疗
127,产品注册,3,医疗
128,产品流程,0,产品
129,产品测试,7,技术研发
130,产品特性,0,产品
131,产品生产,3,医疗
132,产品研发,0,产品
133,产品研究,5,市场
134,产品策划,0,产品
135,产品策略,0,产品
136,产品管理,0,产品
137,产品营销,0,产品
138,产品落地,0,产品
139,产品规划,0,产品
140,产品设计,0,产品
141,产品质量,3,医疗
142,产品销售,13,销售
143,产品需求,0,产品
144,产权管理,12,金融
145,京东,11,运营
146,亲和力,3,医疗
147,亲子,5,市场
148,人事法规,1,企业内部管理
149,人事管理,1,企业内部管理
150,人事行政,9,生活服务
151,人力资源,1,企业内部管理
152,人员培训,4,培训
153,人员招聘,1,企业内部管理
154,人员管理,1,企业内部管理
155,人工智能,7,技术研发
156,人才发展,1,企业内部管理
157,人才培养,1,企业内部管理
158,人才招聘,1,企业内部管理
159,人才选拔,1,企业内部管理
160,人脉,12,金融
161,人脸识别,7,技术研发
162,人际交往,8,教育培训
163,人际沟通,8,教育培训
164,仓库,9,生活服务
165,代码开发,7,技术研发
166,代码管理,7,技术研发
167,代码编写,7,技术研发
168,代码规范,7,技术研发
169,代码质量,7,技术研发
170,以太网,7,技术研发
171,仪器操作,3,医疗
172,仪表,8,教育培训
173,伸裁,1,企业内部管理
174,价值观,12,金融
175,价值评估,12,金融
176,任务分配,6,技术支持与运维
177,企业信息化,4,培训
178,企业发展,13,销售
179,企业品牌,5,市场
180,企业培训,4,培训
181,企业客户,13,销售
182,企业法律,1,企业内部管理
183,企业管理,13,销售
184,企业经营,9,生活服务
185,企业融资,12,金融
186,企划,5,市场
187,休闲游戏,10,设计
188,优化方案,3,医疗
189,优化策略,0,产品
190,优质服务,9,生活服务
191,伙伴关系,5,市场
192,会展,5,市场
193,会计,1,企业内部管理
194,会议纪要,1,企业内部管理
195,会议营销,4,培训
196,会议记录,6,技术支持与运维
197,传感器,7,技术研发
198,传播策略,2,传媒
199,传输,7,技术研发
200,住宅,5,市场
201,体外诊断,3,医疗
202,体检,0,产品
203,体系建设,4,培训
204,体系搭建,4,培训
205,体系管理,3,医疗
206,体育,4,培训
207,体能训练,4,培训
208,体适能,4,培训
209,体验优化,10,设计
210,体验分析,10,设计
211,体验管理,10,设计
212,体验设计,10,设计
213,体验评估,10,设计
214,作业指导,8,教育培训
215,作图,10,设计
216,作文,8,教育培训
217,供应链管理,0,产品
218,便利店,9,生活服务
219,促销,5,市场
220,俄语,11,运营
221,保健,3,医疗
222,保养,3,医疗
223,保卫,6,技术支持与运维
224,保密,3,医疗
225,保洁,9,生活服务
226,保育,8,教育培训
227,保险业,12,金融
228,保险理赔,8,教育培训
229,保险知识,13,销售
230,保险销售,13,销售
231,信号处理,7,技术研发
232,信息化建设,6,技术支持与运维
233,信息化系统,6,技术支持与运维
234,信息安全,6,技术支持与运维
235,信息录入,1,企业内部管理
236,信息披露,1,企业内部管理
237,信息搜集,5,市场
238,信息收集,5,市场
239,信息架构,10,设计
240,信息检索,11,运营
241,信息流,0,产品
242,信息管理,13,销售
243,信息系统,6,技术支持与运维
244,信息维护,6,技术支持与运维
245,信用卡,12,金融
246,信用管理,12,金融
247,信用记录,12,金融
248,信贷,7,技术研发
249,修图,2,传媒
250,修复,12,金融
251,值班,6,技术支持与运维
252,停车,13,销售
253,健康产业,3,医疗
254,健康咨询,3,医疗
255,健康教育,3,医疗
256,健康管理,9,生活服务
257,健身,11,运营
258,催收,12,金融
259,儿科,3,医疗
260,充电,13,销售
261,光伏,5,市场
262,光学,3,医疗
263,光电,10,设计
264,光纤,6,技术支持与运维
265,免疫学,3,医疗
266,免费培训,3,医疗
267,入职培训,13,销售
268,全国连锁,9,生活服务
269,全屋定制,13,销售
270,全案设计,5,市场
271,全面管理,3,医疗
272,公交,11,运营
273,公众号,2,传媒
274,公共关系,1,企业内部管理
275,公共卫生,3,医疗
276,公关,5,市场
277,公司培训,2,传媒
278,公司对接,1,企业内部管理
279,公司管理,4,培训
280,公司网站,5,市场
281,公平公正,9,生活服务
282,公益,5,市场
283,关系管理,0,产品
284,关系维护,5,市场
285,关联,12,金融
286,关键词,5,市场
287,养发,3,医疗
288,养生,3,医疗
289,兼容性,7,技术研发
290,内务,9,生活服务
291,内勤,1,企业内部管理
292,内存优化,7,技术研发
293,内容创意,2,传媒
294,内容更新,1,企业内部管理
295,内容策划,2,传媒
296,内容营销,2,传媒
297,内容设计,4,培训
298,内容质量,2,传媒
299,内容输出,2,传媒
300,内容运,11,运营
301,内控,12,金融
302,内部培训,4,培训
303,内部控制,1,企业内部管理
304,内部管理,12,金融
305,写作,1,企业内部管理
306,写字楼,1,企业内部管理
307,军事,9,生活服务
308,军训,4,培训
309,农产品,7,技术研发
310,决策支持,10,设计
311,准确理解,10,设计
312,出口业务,13,销售
313,出品,9,生活服务
314,出差,13,销售
315,出版,2,传媒
316,出行,0,产品
317,出货,4,培训
318,出餐,9,生活服务
319,函数,10,设计
320,分享,4,培训
321,分子诊断,3,医疗
322,分布式,7,技术研发
323,分拣,9,生活服务
324,分期业务,11,运营
325,分析仪,6,技术支持与运维
326,分析判断,0,产品
327,分析工具,10,设计
328,分析总结,2,传媒
329,分析报告,1,企业内部管理
330,分析研究,12,金融
331,分类整理,11,运营
332,创业,5,市场
333,创作,2,传媒
334,创意思维,2,传媒
335,创意性,2,传媒
336,创意文案,2,传媒
337,创意方案,2,传媒
338,创意构思,10,设计
339,创意概念,2,传媒
340,创意策划,2,传媒
341,创意策略,10,设计
342,创意表现,2,传媒
343,创意设计,10,设计
344,创新,7,技术研发
345,创造,13,销售
346,判断力,0,产品
347,别墅,13,销售
348,制作工艺,10,设计
349,制作流程,10,设计
350,制作规范,10,设计
351,制图,10,设计
352,制度建设,1,企业内部管理
353,制造业,1,企业内部管理
354,制造工,10,设计
355,券商,12,金融
356,前后端分离,7,技术研发
357,前沿科技,7,技术研发
358,前端,7,技术研发
359,剧本,2,传媒
360,剪发,0,产品
361,剪辑,2,传媒
362,力学,6,技术支持与运维
363,办公自动化,1,企业内部管理
364,办公设备,6,技术支持与运维
365,办公软件,6,技术支持与运维
366,功率器件,7,技术研发
367,功能安全,6,技术支持与运维
368,功能实现,6,技术支持与运维
369,功能开发,0,产品
370,功能测试,7,技术研发
371,功能设计,0,产品
372,加工处理,3,医疗
373,加工工艺,3,医疗
374,加班,7,技术研发
375,动作设计,10,设计
376,动效设计,10,设计
377,动漫,10,设计
378,动画制作,10,设计
379,动画特效,10,设计
380,动画设计,10,设计
381,助产,0,产品
382,努力,11,运营
383,劳动关系,9,生活服务
384,劳动法律,1,企业内部管理
385,勇于挑战,7,技术研发
386,勘察设计,6,技术支持与运维
387,勤奋,1,企业内部管理
388,勤快,12,金融
389,包装,2,传媒
390,化妆,2,传媒
391,区块链,7,技术研发
392,区域市场,5,市场
393,区域销售,0,产品
394,医学,3,医疗
395,医师,3,医疗
396,医护,3,医疗
397,医疗产品,3,医疗
398,医疗器械,3,医疗
399,医疗安全,3,医疗
400,医疗服务,3,医疗
401,医疗机构,3,医疗
402,医疗美容,3,医疗
403,医疗设备,3,医疗
404,医美,3,医疗
405,医药,10,设计
406,医院服务,3,医疗
407,升学,8,教育培训
408,午餐,8,教育培训
409,半导体,5,市场
410,半成品,0,产品
411,华为云,6,技术支持与运维
412,协作,0,产品
413,协助,1,企业内部管理
414,协同,7,技术研发
415,协商,5,市场
416,协议开发,7,技术研发
417,协调沟通,0,产品
418,协调资源,5,市场
419,单元测试,7,技术研发
420,单片机,7,技术研发
421,卖场,9,生活服务
422,卡通,7,技术研发
423,卫生打扫,9,生活服务
424,印刷,10,设计
425,压力测试,7,技术研发
426,原则性,1,企业内部管理
427,原创,2,传媒
428,原型开发,10,设计
429,原型设计,0,产品
430,原材料,11,运营
431,原理图设计,7,技术研发
432,原生开发,7,技术研发
433,原画设计,10,设计
434,厨师,9,生活服务
435,厨房,9,生活服务
436,及时回复,11,运营
437,反应敏捷,13,销售
438,反欺诈,12,金融
439,发型,11,运营
440,发展潜力,13,销售
441,发展策略,5,市场
442,发现问题,10,设计
443,发票管理,1,企业内部管理
444,发药,3,医疗
445,发行,5,市场
446,发货,11,运营
447,发音标准,8,教育培训
448,受众,10,设计
449,变更管理,6,技术支持与运维
450,口头表达,8,教育培训
451,口才,2,传媒
452,口碑,11,运营
453,口腔临床,3,医疗
454,口腔医疗,3,医疗
455,口腔治疗,3,医疗
456,口腔科,3,医疗
457,口语交流,10,设计
458,口语流利,8,教育培训
459,口语表达,4,培训
460,可维护性,7,技术研发
461,可行性分析,0,产品
462,可靠性,7,技术研发
463,司法,1,企业内部管理
464,吃苦,0,产品
465,合作渠道,5,市场
466,合同签署,1,企业内部管理
467,合同签订,13,销售
468,合同管理,13,销售
469,合理化,1,企业内部管理
470,合规管理,12,金融
471,同理心,7,技术研发
472,后勤保障,1,企业内部管理
473,后勤管理,1,企业内部管理
474,后台开发,0,产品
475,后台操作,2,传媒
476,后台服务,11,运营
477,后处理,3,医疗
478,后期制作,2,传媒
479,后端开发,7,技术研发
480,听说读写,3,医疗
481,告警,6,技术支持与运维
482,员工关怀,1,企业内部管理
483,员工发展,13,销售
484,员工培训,4,培训
485,员工沟通,1,企业内部管理
486,周期管理,0,产品
487,周边环境,1,企业内部管理
488,呼叫中心,11,运营
489,咖啡,9,生活服务
490,咨询服务,11,运营
491,咨询顾问,13,销售
492,品牌传播,5,市场
493,品牌创意,10,设计
494,品牌定位,5,市场
495,品牌建设,5,市场
496,品牌形象,5,市场
497,品牌影响力,5,市场
498,品牌战略,5,市场
499,品牌推广,5,市场
500,品牌文案,2,传媒
501,品牌方,5,市场
502,品牌策划,5,市场
503,品牌策略,5,市场
504,品牌管理,5,市场
505,品牌营销,5,市场
506,品牌视觉,10,设计
507,品牌设计,10,设计
508,售卖,2,传媒
509,售后,11,运营
510,唱歌,2,传媒
511,商业保险,9,生活服务
512,商业分析,10,设计
513,商业化,0,产品
514,商业地产,12,金融
515,商业模式,0,产品
516,商业计划,5,市场
517,商务合作,5,市场
518,商务拓展,13,销售
519,商品展示,9,生活服务
520,商品管理,9,生活服务
521,商圈,13,销售
522,商场,9,生活服务
523,商城,11,运营
524,商学,4,培训
525,商超,9,生活服务
526,商铺,13,销售
527,喜爱,11,运营
528,器械注册,3,医疗
529,回收,11,运营
530,回访,13,销售
531,团建,1,企业内部管理
532,团结,12,金融
533,团购,11,运营
534,团队合作,8,教育培训
535,团队建设,13,销售
536,团队意识,5,市场
537,团队搭建,11,运营
538,团队沟通,0,产品
539,团队活动,13,销售
540,团队管理,5,市场
541,团队精神,10,设计
542,团队领导,5,市场
543,固件开发,7,技术研发
544,国防,6,技术支持与运维
545,国际化,6,技术支持与运维
546,国际市场,5,市场
547,国际站,7,技术研发
548,图像处理,7,技术研发
549,图像算法,7,技术研发
550,图像识别,10,设计
551,图文处理,10,设计
552,图片制作,2,传媒
553,图片处理,10,设计
554,图片设计,10,设计
555,图表,10,设计
556,图谱,8,教育培训
557,土建,6,技术支持与运维
558,在线客服,11,运营
559,在线教育,8,教育培训
560,在线聊天,11,运营
561,在职培训,13,销售
562,地产经纪,13,销售
563,地产销售,13,销售
564,地图,7,技术研发
565,场景制作,2,传媒
566,场景设计,10,设计
567,坚韧,13,销售
568,培训体系,4,培训
569,培训内容,4,培训
570,培训指导,3,医疗
571,培训活动,8,教育培训
572,培训管理,4,培训
573,培训规划,4,培训
574,培训讲师,4,培训
575,培训课程,4,培训
576,培训资料,4,培训
577,培训资源,4,培训
578,培训需求,4,培训
579,培训项目,4,培训
580,基因,3,医疗
581,基本功,8,教育培训
582,基本操作,1,企业内部管理
583,基本知识,7,技术研发
584,基金,12,金融
585,增值服务,12,金融
586,声乐,2,传媒
587,声学,3,医疗
588,处理问题,11,运营
589,复印,1,企业内部管理
590,复购,5,市场
591,外出,13,销售
592,外勤,13,销售
593,外卖,11,运营
594,外向,8,教育培训
595,外科,3,医疗
596,外贸业务,13,销售
597,外贸出口,13,销售
598,外贸操作,13,销售
599,外贸流程,13,销售
600,外贸销售,13,销售
601,多媒体,10,设计
602,多线程,7,技术研发
603,大型项目,7,技术研发
604,大数据,6,技术支持与运维
605,天猫,11,运营
606,天线,7,技术研发
607,失效分析,7,技术研发
608,头条,0,产品
609,奶茶,9,生活服务
610,妇科,3,医疗
611,娱乐,2,传媒
612,媒体传播,2,传媒
613,媒体内容,2,传媒
614,媒体平台,2,传媒
615,媒体广告,2,传媒
616,媒体推广,2,传媒
617,媒体文案,2,传媒
618,媒体营销,5,市场
619,媒体资源,5,市场
620,存储,6,技术支持与运维
621,存管理,7,技术研发
622,存货,1,企业内部管理
623,学习习惯,8,教育培训
624,学习兴趣,8,教育培训
625,学习力,11,运营
626,学习管理,8,教育培训
627,学习规划,8,教育培训
628,学前教育,2,传媒
629,学术交流,3,医疗
630,学术推广,3,医疗
631,学科教学,8,教育培训
632,安保,1,企业内部管理
633,安全产品,6,技术支持与运维
634,安全体系,6,技术支持与运维
635,安全意识,9,生活服务
636,安全服务,6,技术支持与运维
637,安全测试,7,技术研发
638,安全知识,6,技术支持与运维
639,安全策略,2,传媒
640,安全管理,6,技术支持与运维
641,安全设备,3,医疗
642,安全评估,6,技术支持与运维
643,安卓开发,7,技术研发
644,安检,9,生活服务
645,安装维护,6,技术支持与运维
646,安装调试,6,技术支持与运维
647,安防,6,技术支持与运维
648,宏观经济,12,金融
649,官网,5,市场
650,定损,12,金融
651,实操,13,销售
652,实施管理,3,医疗
653,实时监控,1,企业内部管理
654,实时计算,7,技术研发
655,实验操作,3,医疗
656,实验设计,10,设计
657,审批,12,金融
658,审查,12,金融
659,审校,2,传媒
660,审核,2,传媒
661,审美,10,设计
662,审计,1,企业内部管理
663,客户业务,0,产品
664,客户交流,11,运营
665,客户体验,13,销售
666,客户反馈,6,技术支持与运维
667,客户咨询,11,运营
668,客户培训,4,培训
669,客户对接,0,产品
670,客户建立,13,销售
671,客户开发,13,销售
672,客户开拓,13,销售
673,客户意向,8,教育培训
674,客户投诉,11,运营
675,客户拜访,13,销售
676,客户推广,13,销售
677,客户服务,9,生活服务
678,客户沟通,13,销售
679,客户相关,13,销售
680,客户端,7,技术研发
681,客户管理,13,销售
682,客户维护,13,销售
683,客户群体,5,市场
684,客户联络,3,医疗
685,客户资源,13,销售
686,客户跟进,13,销售
687,客户邀约,13,销售
688,客户销售,2,传媒
689,客房,8,教育培训
690,客服专员,11,运营
691,客源开发,13,销售
692,宣传,5,市场
693,宣讲,4,培训
694,室内设计,10,设计
695,家务,5,市场
696,家庭教育,8,教育培训
697,家电,5,市场
698,家装设计,10,设计
699,家长沟通,8,教育培训
700,容器化,6,技术支持与运维
701,宽带,8,教育培训
702,对接客户,6,技术支持与运维
703,对账,1,企业内部管理
704,寻找客户,13,销售
705,导医,3,医疗
706,导航,9,生活服务
707,导购,2,传媒
708,封装,7,技术研发
709,射频,7,技术研发
710,小语种,8,教育培训
711,就业指导,5,市场
712,尺寸,2,传媒
713,局域网,6,技术支持与运维
714,展会,5,市场
715,展示设计,10,设计
716,展览,8,教育培训
717,岗前培训,13,销售
718,嵌入式开发,7,技术研发
719,嵌入式系统,7,技术研发
720,巡查,9,生活服务
721,巡检,6,技术支持与运维
722,工业设计,10,设计
723,工具使用,0,产品
724,工具开发,7,技术研发
725,工商注册,1,企业内部管理
726,工商管理,1,企业内部管理
727,工程建设,6,技术支持与运维
728,工程施工,6,技术支持与运维
729,工程管理,7,技术研发
730,工程设计,3,医疗
731,工程项目,12,金融
732,工程验收,6,技术支持与运维
733,工艺优化,3,医疗
734,工艺开发,3,医疗
735,工艺流程,3,医疗
736,差旅,13,销售
737,市场交易,12,金融
738,市场信息,13,销售
739,市场分析,0,产品
740,市场反馈,3,医疗
741,市场发展,5,市场
742,市场变化,5,市场
743,市场定位,5,市场
744,市场开发,13,销售
745,市场开拓,5,市场
746,市场战略,5,市场
747,市场拓展,5,市场
748,市场推广,5,市场
749,市场数据,5,市场
750,市场洞察,0,产品
751,市场活动,13,销售
752,市场渠道,5,市场
753,市场状况,5,市场
754,市场研究,12,金融
755,市场策划,5,市场
756,市场策略,5,市场
757,市场营销,5,市场
758,市场行情,13,销售
759,市场调研,5,市场
760,市场趋势,0,产品
761,市场销售,5,市场
762,布局,7,技术研发
763,师徒带教,13,销售
764,师德,4,培训
765,帐务处理,1,企业内部管理
766,带动,10,设计
767,带客户,13,销售
768,带薪培训,13,销售
769,带货,2,传媒
770,帮助客户,6,技术支持与运维
771,常用,7,技术研发
772,平台内容,2,传媒
773,平台建设,0,产品
774,平台开发,7,技术研发
775,平台推广,11,运营
776,平台操作,6,技术支持与运维
777,平台活动,11,运营
778,平台相关,0,产品
779,平台规则,2,传媒
780,平台软件,7,技术研发
781,平衡,0,产品
782,平面设计,10,设计
783,并行计算,7,技术研发
784,并购,12,金融
785,幼儿教育,8,教育培训
786,幼教,8,教育培训
787,幽默,8,教育培训
788,广告优化,2,传媒
789,广告公司,2,传媒
790,广告创意,2,传媒
791,广告制作,2,传媒
792,广告安装,2,传媒
793,广告投放,2,传媒
794,广告文案,2,传媒
795,广告物料,2,传媒
796,广告策划,2,传媒
797,广告营销,2,传媒
798,广告设计,10,设计
799,广播,2,传媒
800,应变,2,传媒
801,应急响应,6,技术支持与运维
802,应急处理,6,技术支持与运维
803,应用开发,10,设计
804,应用服务,7,技术研发
805,店务管理,9,生活服务
806,店铺推广,2,传媒
807,店铺管理,11,运营
808,店铺经营,9,生活服务
809,店铺装修,10,设计
810,店铺设计,10,设计
811,店铺销售,10,设计
812,建材,13,销售
813,建模,10,设计
814,建筑设计,10,设计
815,建议,2,传媒
816,建造,5,市场
817,开关,7,技术研发
818,开发产品,0,产品
819,开发任务,7,技术研发
820,开发客户,13,销售
821,开发工具,7,技术研发
822,开发工程,7,技术研发
823,开发平台,6,技术支持与运维
824,开发新客户,13,销售
825,开发框架,7,技术研发
826,开发环境,7,技术研发
827,开发票,1,企业内部管理
828,开发管理,7,技术研发
829,开发规范,7,技术研发
830,开发设计,7,技术研发
831,开发语言,7,技术研发
832,开店,9,生活服务
833,开户,12,金融
834,开拓市场,5,市场
835,开朗,9,生活服务
836,开源,7,技术研发
837,开阔,5,市场
838,异业合作,5,市场
839,异常处理,6,技术支持与运维
840,异构,7,技术研发
841,引导,2,传媒
842,引擎开发,7,技术研发
843,引流,10,设计
844,弱电,6,技术支持与运维
845,形象好,3,医疗
846,形象设计,1,企业内部管理
847,征信,12,金融
848,微博,11,运营
849,微服务,7,技术研发
850,微生物,3,医疗
851,微软,6,技术支持与运维
852,心态,13,销售
853,心理素质,3,医疗
854,快消品,13,销售
855,快递,5,市场
856,快速响应,5,市场
857,快速学习,13,销售
858,思维导图,0,产品
859,思维敏捷,2,传媒
860,思维清晰,0,产品
861,思维灵活,6,技术支持与运维
862,思路清晰,4,培训
863,急救,3,医疗
864,性能优化,7,技术研发
865,性能分析,6,技术支持与运维
866,性能测试,7,技术研发
867,性能问题,7,技术研发
868,总体规划,6,技术支持与运维
869,总结报告,4,培训
870,情商高,2,传媒
871,情感分析,2,传媒
872,情感咨询,13,销售
873,想象力,10,设计
874,成人教育,4,培训
875,成本分析,1,企业内部管理
876,成本控制,1,企业内部管理
877,成本管理,1,企业内部管理
878,战斗,13,销售
879,战略发展,1,企业内部管理
880,战略合作,5,市场
881,战略规划,1,企业内部管理
882,户外活动,13,销售
883,房产业务,12,金融
884,房产中介,13,销售
885,房产交易,13,销售
886,房产信息,13,销售
887,房产服务,13,销售
888,房产经纪,13,销售
889,房产销售,13,销售
890,房源信息,13,销售
891,房货,8,教育培训
892,所得税,1,企业内部管理
893,手工,6,技术支持与运维
894,手术,3,医疗
895,手机游戏,0,产品
896,手游,5,市场
897,手绘,10,设计
898,手续办理,1,企业内部管理
899,才艺,2,传媒
900,打包,9,生活服务
901,打印,3,医疗
902,打字,11,运营
903,打磨,0,产品
904,执行力,5,市场
905,执行方案,0,产品
906,扩展,7,技术研发
907,扫描,6,技术支持与运维
908,扫码,9,生活服务
909,承压,5,市场
910,承受压力,7,技术研发
911,技师,3,医疗
912,技能培训,6,技术支持与运维
913,投影,6,技术支持与运维
914,投放策略,2,传媒
915,投融资,12,金融
916,投行,12,金融
917,投诉处理,11,运营
918,投资,12,金融
919,抗压,5,市场
920,抢修,0,产品
921,抢救,3,医疗
922,护理,3,医疗
923,护肤,4,培训
924,报价,13,销售
925,报关,13,销售
926,报告编写,10,设计
927,报告输出,10,设计
928,报表制作,1,企业内部管理
929,报表开发,10,设计
930,报表编制,12,金融
931,报道,2,传媒
932,报销,12,金融
933,拍卖,0,产品
934,拍摄,2,传媒
935,拍照,2,传媒
936,拓展培训,13,销售
937,拓展训练,13,销售
938,拓扑,6,技术支持与运维
939,拓新,13,销售
940,招商,5,市场
941,招投标,5,市场
942,招标,5,市场
943,招生,5,市场
944,招聘活动,1,企业内部管理
945,招聘渠道,1,企业内部管理
946,招聘管理,1,企业内部管理
947,招聘需求,1,企业内部管理
948,拳击,4,培训
949,持续优化,0,产品
950,持续集成,7,技术研发
951,指导培训,13,销售
952,按摩,3,医疗
953,挑战自我,13,销售
954,挖掘客户,2,传媒
955,授课,4,培训
956,排版,2,传媒
957,探索,10,设计
958,接单,9,生活服务
959,接口开发,7,技术研发
960,接口测试,7,技术研发
961,接口设计,7,技术研发
962,接待,1,企业内部管理
963,控制原理,7,技术研发
964,控制器,7,技术研发
965,控制理论,7,技术研发
966,控制算法,10,设计
967,控制系统,1,企业内部管理
968,控场,2,传媒
969,推广方式,2,传媒
970,推广方案,5,市场
971,推广活动,5,市场
972,推广渠道,5,市场
973,推广策略,2,传媒
974,推广计划,5,市场
975,推广销售,0,产品
976,推荐算法,0,产品
977,推荐系统,7,技术研发
978,推送,2,传媒
979,推销,13,销售
980,提升客户满意度,13,销售
981,提升用户体验,11,运营
982,提案,2,传媒
983,提醒,12,金融
984,提高客户满意度,11,运营
985,插画,10,设计
986,搏击,0,产品
987,搜索,0,产品
988,搞笑,2,传媒
989,搭配,12,金融
990,摄像,2,传媒
991,摄影,2,传媒
992,播音,4,培训
993,撰写,2,传媒
994,撰稿,2,传媒
995,操作命令,6,技术支持与运维
996,操作技能,5,市场
997,操作熟练,1,企业内部管理
998,操作电脑,11,运营
999,操作系统,6,技术支持与运维
1000,操作规程,3,医疗
1001,操作规范,3,医疗
1002,操控,7,技术研发
1003,操盘,5,市场
1004,支付,5,市场
1005,支持服务,12,金融
1006,收款,9,生活服务
1007,收纳,10,设计
1008,收货,9,生活服务
1009,收费,1,企业内部管理
1010,收银,9,生活服务
1011,收集整理,2,传媒
1012,改版,11,运营
1013,改造,6,技术支持与运维
1014,攻防,6,技术支持与运维
1015,政务,6,技术支持与运维
1016,政府部门,3,医疗
1017,政策法规,12,金融
1018,故障分析,6,技术支持与运维
1019,故障处理,6,技术支持与运维
1020,故障排查,6,技术支持与运维
1021,故障排除,6,技术支持与运维
1022,故障诊断,6,技术支持与运维
1023,效果分析,4,培训
1024,效果图,10,设计
1025,效果评估,10,设计
1026,效率提升,0,产品
1027,敏捷开发,7,技术研发
1028,敏锐,5,市场
1029,教学产品,0,产品
1030,教学内容,4,培训
1031,教学实践,8,教育培训
1032,教学技巧,8,教育培训
1033,教学方案,6,技术支持与运维
1034,教学服务,8,教育培训
1035,教学研发,8,教育培训
1036,教学研究,8,教育培训
1037,教学管理,8,教育培训
1038,教学设计,8,教育培训
1039,教学质量,4,培训
1040,教学资料,7,技术研发
1041,教学资源,8,教育培训
1042,教师培训,4,培训
1043,教师资格,8,教育培训
1044,教授,8,教育培训
1045,教材,8,教育培训
1046,教研,8,教育培训
1047,教育产品,0,产品
1048,教育咨询,13,销售
1049,教育培训,8,教育培训
1050,教育学,4,培训
1051,教育教学,8,教育培训
1052,教育机构,4,培训
1053,教育理念,8,教育培训
1054,教育背景,7,技术研发
1055,敬业,4,培训
1056,数值策划,10,设计
1057,数值设计,10,设计
1058,数字化,0,产品
1059,数字营销,2,传媒
1060,数字设计,10,设计
1061,数据中台,0,产品
1062,数据中心,0,产品
1063,数据产品,0,产品
1064,数据分析,10,设计
1065,数据加工,10,设计
1066,数据化,11,运营
1067,数据可视化,10,设计
1068,数据处理,10,设计
1069,数据备份,6,技术支持与运维
1070,数据安全,10,设计
1071,数据工程,10,设计
1072,数据平台,0,产品
1073,数据库,7,技术研发
1074,数据应用,0,产品
1075,数据开发,10,设计
1076,数据录入,2,传媒
1077,数据报告,10,设计
1078,数据报表,10,设计
1079,数据挖掘,10,设计
1080,数据提取,10,设计
1081,数据支持,10,设计
1082,数据收集,3,医疗
1083,数据敏感,0,产品
1084,数据整理,2,传媒
1085,数据服务,0,产品
1086,数据架构,10,设计
1087,数据标准,10,设计
1088,数据模型,10,设计
1089,数据治理,10,设计
1090,数据洞察,10,设计
1091,数据流,0,产品
1092,数据测试,7,技术研发
1093,数据清洗,10,设计
1094,数据源,10,设计
1095,数据监控,2,传媒
1096,数据科学,10,设计
1097,数据管理,10,设计
1098,数据结构,7,技术研发
1099,数据统计,1,企业内部管理
1100,数据质量,10,设计
1101,数据采集,10,设计
1102,数据集成,10,设计
1103,数据驱动,10,设计
1104,数理统计,10,设计
1105,数码,2,传媒
1106,整体规划,0,产品
1107,整体设计,10,设计
1108,整合,2,传媒
1109,整形美容,3,医疗
1110,整机,7,技术研发
1111,文书,4,培训
1112,文件管理,3,医疗
1113,文创,10,设计
1114,文化传媒,2,传媒
1115,文化建设,1,企业内部管理
1116,文化活动,10,设计
1117,文字功底,2,传媒
1118,文字表达,7,技术研发
1119,文字驾驭,2,传媒
1120,文学,4,培训
1121,文教,8,教育培训
1122,文旅,12,金融
1123,文本,6,技术支持与运维
1124,文案创意,2,传媒
1125,文案策划,2,传媒
1126,文案编写,2,传媒
1127,文档管理,0,产品
1128,文档编写,0,产品
1129,文笔,2,传媒
1130,文风,2,传媒
1131,新功能,0,产品
1132,新品开发,3,医疗
1133,新媒体,2,传媒
1134,新材料,0,产品
1135,新生儿,3,医疗
1136,新用户,5,市场
1137,新老客户,13,销售
1138,新能源,5,市场
1139,新药研发,3,医疗
1140,新闻传播,2,传媒
1141,方案制定,6,技术支持与运维
1142,方案实施,6,技术支持与运维
1143,方案策划,5,市场
1144,方案编写,6,技术支持与运维
1145,方案设计,10,设计
1146,方案评估,0,产品
1147,施工图,10,设计
1148,施工工艺,12,金融
1149,施工现场,3,医疗
1150,施工管理,6,技术支持与运维
1151,旅行,13,销售
1152,无线网络,0,产品
1153,日常业务,10,设计
1154,日常办公,12,金融
1155,日常沟通,5,市场
1156,日常管理,1,企业内部管理
1157,日常维护,6,技术支持与运维
1158,日常运行,6,技术支持与运维
1159,日志分析,7,技术研发
1160,日本,8,教育培训
1161,日语,8,教育培训
1162,早教,8,教育培训
1163,时尚,10,设计
1164,时序,7,技术研发
1165,时间管理,8,教育培训
1166,晋升发展,13,销售
1167,普通话,8,教育培训
1168,智慧城市,0,产品
1169,智能化,9,生活服务
1170,智能家居,0,产品
1171,智能硬件,0,产品
1172,智能算法,7,技术研发
1173,有效沟通,12,金融
1174,服从,9,生活服务
1175,服务体验,11,运营
1176,服务器,6,技术支持与运维
1177,服务开发,6,技术支持与运维
1178,服务意识,11,运营
1179,服务技能,6,技术支持与运维
1180,服务架构,7,技术研发
1181,服务标准,13,销售
1182,服务理念,11,运营
1183,服务端开发,7,技术研发
1184,服务管理,3,医疗
1185,服务费,13,销售
1186,服装设计,2,传媒
1187,服装销售,9,生活服务
1188,服饰,9,生活服务
1189,期权,13,销售
1190,期货,12,金融
1191,机台,7,技术研发
1192,机器人,4,培训
1193,机器学习,7,技术研发
1194,机器视觉,7,技术研发
1195,机房,6,技术支持与运维
1196,机械工程,4,培训
1197,机械设计,3,医疗
1198,权益,12,金融
1199,权限管理,6,技术支持与运维
1200,材料检验,10,设计
1201,条理清晰,4,培训
1202,来访,13,销售
1203,构图,2,传媒
1204,架构搭建,7,技术研发
1205,架构设计,7,技术研发
1206,查询,6,技术支持与运维
1207,标书制作,5,市场
1208,标注,3,医疗
1209,标识,3,医疗
1210,校企合作,1,企业内部管理
1211,校对,4,培训
1212,样品制作,3,医疗
1213,核对,3,医疗
1214,核心代码,7,技术研发
1215,核心算法,7,技术研发
1216,核算,1,企业内部管理
1217,框架开发,7,技术研发
1218,框架搭建,7,技术研发
1219,框架设计,7,技术研发
1220,案件处理,12,金融
1221,桌面,6,技术支持与运维
1222,档案管理,1,企业内部管理
1223,梯队建设,1,企业内部管理
1224,检修,3,医疗
1225,检查,3,医疗
1226,检测算法,7,技术研发
1227,植入,3,医疗
1228,楼盘销售,13,销售
1229,概念设计,10,设计
1230,模块化开发,7,技术研发
1231,模块开发,7,技术研发
1232,模块测试,7,技术研发
1233,模型优化,7,技术研发
1234,模型制作,10,设计
1235,模型应用,10,设计
1236,模型开发,12,金融
1237,模型设计,7,技术研发
1238,模式识别,11,运营
1239,模拟,7,技术研发
1240,模板,10,设计
1241,模特,2,传媒
1242,歌舞,2,传媒
1243,正直,1,企业内部管理
1244,正能量,8,教育培训
1245,武术,4,培训
1246,毅力,13,销售
1247,比赛,13,销售
1248,气质,2,传媒
1249,水电,9,生活服务
1250,水系统,3,医疗
1251,求知欲,2,传媒
1252,汇总,1,企业内部管理
1253,汇报,6,技术支持与运维
1254,汇编语言,7,技术研发
1255,汉语,2,传媒
1256,汽车保险,5,市场
1257,汽车服务,2,传媒
1258,汽车维修,4,培训
1259,汽车金融,12,金融
1260,沟通与协调,0,产品
1261,沟通交流,0,产品
1262,沟通合作,13,销售
1263,沟通技巧,0,产品
1264,沟通技能,1,企业内部管理
1265,沟通策略,3,医疗
1266,沟通表达,8,教育培训
1267,治疗方案,3,医疗
1268,法务咨询,3,医疗
1269,法务支持,12,金融
1270,法务管理,1,企业内部管理
1271,法学,1,企业内部管理
1272,法律业务,5,市场
1273,法律合规,12,金融
1274,法律咨询,12,金融
1275,法律实务,12,金融
1276,法律服务,1,企业内部管理
1277,法律法规,3,医疗
1278,法律知识,3,医疗
1279,法律纠纷,1,企业内部管理
1280,法律顾问,1,企业内部管理
1281,法律风险,12,金融
1282,法规标准,3,医疗
1283,法语,13,销售
1284,注册管理,3,医疗
1285,洗碗,0,产品
1286,洞察力,0,产品
1287,活力,13,销售
1288,活动执行,5,市场
1289,活动效果,5,市场
1290,活动策划,5,市场
1291,活动页,10,设计
1292,活泼,2,传媒
1293,活跃,2,传媒
1294,洽谈,13,销售
1295,流程优化,0,产品
1296,流程梳理,8,教育培训
1297,流程管理,3,医疗
1298,流程规范,13,销售
1299,流程设计,7,技术研发
1300,流行病学,3,医疗
1301,测评,8,教育培训
1302,测试仪,3,医疗
1303,测试体系,7,技术研发
1304,测试分析,7,技术研发
1305,测试实施,7,技术研发
1306,测试工具,7,技术研发
1307,测试工程师,7,技术研发
1308,测试平台,7,技术研发
1309,测试开发,7,技术研发
1310,测试思维,7,技术研发
1311,测试执行,7,技术研发
1312,测试技能,7,技术研发
1313,测试方案,7,技术研发
1314,测试标准,7,技术研发
1315,测试框架,7,技术研发
1316,测试流程,7,技术研发
1317,测试环境,7,技术研发
1318,测试理论,7,技术研发
1319,测试相关,7,技术研发
1320,测试管理,7,技术研发
1321,测试系统,7,技术研发
1322,测试自动化,7,技术研发
1323,测试规范,7,技术研发
1324,测试设备,7,技术研发
1325,测试设计,7,技术研发
1326,测试过程,7,技术研发
1327,测量,7,技术研发
1328,海关,0,产品
1329,海外客户,6,技术支持与运维
1330,海外市场,5,市场
1331,海外留学,8,教育培训
1332,海外销售,5,市场
1333,海报设计,10,设计
1334,消息中间件,7,技术研发
1335,消毒灭菌,3,医疗
1336,消费电子,0,产品
1337,消费金融,12,金融
1338,消防,4,培训
1339,淘宝,11,运营
1340,深化设计,10,设计
1341,深厚,8,教育培训
1342,深度学习,7,技术研发
1343,混合开发,7,技术研发
1344,清单,0,产品
1345,清洁,3,医疗
1346,清点,3,医疗
1347,清理,9,生活服务
1348,渗透测试,6,技术支持与运维
1349,渠道合作,5,市场
1350,渠道开发,5,市场
1351,渠道开拓,5,市场
1352,渠道拓展,5,市场
1353,渠道推广,5,市场
1354,渠道资源,5,市场
1355,渠道销售,13,销售
1356,渲染,10,设计
1357,游戏产品,10,设计
1358,游戏体验,0,产品
1359,游戏制作,10,设计
1360,游戏开发,10,设计
1361,游戏引擎,0,产品
1362,游戏推广,2,传媒
1363,游戏数据,10,设计
1364,游戏测试,7,技术研发
1365,游戏玩法,0,产品
1366,游戏研发,11,运营
1367,游戏策划,0,产品
1368,游戏设计,10,设计
1369,游戏项目,10,设计
1370,游泳,4,培训
1371,滑雪,4,培训
1372,满意度研究,11,运营
1373,滤波算法,7,技术研发
1374,漏洞,6,技术支持与运维
1375,演出,2,传媒
1376,演示,6,技术支持与运维
1377,演艺,2,传媒
1378,演讲,4,培训
1379,潮流,10,设计
1380,激光,3,医疗
1381,激励,10,设计
1382,火锅,2,传媒
1383,灯光,2,传媒
1384,灯具,9,生活服务
1385,灵感,2,传媒
1386,炒,9,生活服务
1387,炸,9,生活服务
1388,点单,9,生活服务
1389,点评,11,运营
1390,烘焙,9,生活服务
1391,烧烤,13,销售
1392,烫染,0,产品
1393,热情,9,生活服务
1394,热点敏感,2,传媒
1395,热点话题,2,传媒
1396,热爱生活,2,传媒
1397,热门,2,传媒
1398,烹饪,13,销售
1399,焊接,9,生活服务
1400,照明,7,技术研发
1401,爬虫,7,技术研发
1402,爱心,5,市场
1403,爵士舞,0,产品
1404,版图设计,7,技术研发
1405,版本控制,7,技术研发
1406,版本管理,6,技术支持与运维
1407,版本送代,6,技术支持与运维
1408,版权,2,传媒
1409,版面,10,设计
1410,物业,1,企业内部管理
1411,物料设计,10,设计
1412,物联网,0,产品
1413,特征,7,技术研发
1414,特效制作,2,传媒
1415,特效设计,10,设计
1416,独立处理,6,技术支持与运维
1417,独立学习,8,教育培训
1418,独立开发,4,培训
1419,独立思考,7,技术研发
1420,独立操作,2,传媒
1421,独立设计,10,设计
1422,环保,9,生活服务
1423,环境搭建,7,技术研发
1424,环境监测,3,医疗
1425,环境维护,9,生活服务
1426,现场勘察,6,技术支持与运维
1427,现场施工,6,技术支持与运维
1428,现货交易,12,金融
1429,现金管理,1,企业内部管理
1430,玻璃,0,产品
1431,班主任,8,教育培训
1432,理疗,3,医疗
1433,理科,8,教育培训
1434,理解客户,6,技术支持与运维
1435,理财,12,金融
1436,理货,9,生活服务
1437,理赔服务,12,金融
1438,理赔管理,12,金融
1439,瑜伽,13,销售
1440,生产工艺,3,医疗
1441,生产流程,7,技术研发
1442,生产环境,6,技术支持与运维
1443,生产现场,3,医疗
1444,生产相关,3,医疗
1445,生产管理,3,医疗
1446,生产线,3,医疗
1447,生产计划,3,医疗
1448,生产跟踪,3,医疗
1449,生化,3,医疗
1450,生命科学,3,医疗
1451,生态系统,0,产品
1452,生物化学,3,医疗
1453,生物学,3,医疗
1454,生物工程,3,医疗
1455,生物检测,3,医疗
1456,生物检验,3,医疗
1457,用例设计,7,技术研发
1458,用具,9,生活服务
1459,用户体验研究,0,产品
1460,用户分析,0,产品
1461,用户反馈,5,市场
1462,用户场景,0,产品
1463,用户培训,6,技术支持与运维
1464,用户增长,8,教育培训
1465,用户沟通,11,运营
1466,用户洞察,0,产品
1467,用户测试,10,设计
1468,用户满意,8,教育培训
1469,用户画像,10,设计
1470,用户研究,10,设计
1471,用户调研,10,设计
1472,用户需求,0,产品
1473,电力电子,7,技术研发
1474,电动车,5,市场
1475,电台,2,传媒
1476,电商客服,11,运营
1477,电商平台,11,运营
1478,电商设计,0,产品
1479,电器,11,运营
1480,电子产品,7,技术研发
1481,电子信息,7,技术研发
1482,电子元件,6,技术支持与运维
1483,电子元器件,7,技术研发
1484,电子商务,11,运营
1485,电子器件,7,技术研发
1486,电子工程,7,技术研发
1487,电子电路,7,技术研发
1488,电子硬件,7,技术研发
1489,电子科学,7,技术研发
1490,电子设计,7,技术研发
1491,电工,13,销售
1492,电影,2,传媒
1493,电机控制,7,技术研发
1494,电机驱动,7,技术研发
1495,电桩,7,技术研发
1496,电气工程,7,技术研发
1497,电气自动化,6,技术支持与运维
1498,电源管理,7,技术研发
1499,电源设计,7,技术研发
1500,电磁场,7,技术研发
1501,电系统,6,技术支持与运维
1502,电网,6,技术支持与运维
1503,电脑办公,11,运营
1504,电脑操作,11,运营
1505,电视,2,传媒
1506,电话咨询,6,技术支持与运维
1507,电话客服,11,运营
1508,电话接听,11,运营
1509,电话沟通,11,运营
1510,电话营销,13,销售
1511,电话邀约,13,销售
1512,电话销售,13,销售
1513,电路分析,7,技术研发
1514,电路图,7,技术研发
1515,电路设计,7,技术研发
1516,电销,13,销售
1517,界面开发,10,设计
1518,界面设计,10,设计
1519,留学申请,4,培训
1520,疑难问题,6,技术支持与运维
1521,病情,3,医疗
1522,登记,1,企业内部管理
1523,白盒测试,7,技术研发
1524,百度,5,市场
1525,皮肤管理,3,医疗
1526,监控管理,6,技术支持与运维
1527,监控系统,6,技术支持与运维
1528,监督管理,3,医疗
1529,监管,12,金融
1530,目标导向,5,市场
1531,目标管理,0,产品
1532,目标达成,2,传媒
1533,直播,2,传媒
1534,直销,11,运营
1535,相处,8,教育培训
1536,相机,7,技术研发
1537,眼科,3,医疗
1538,眼镜,2,传媒
1539,督导,8,教育培训
1540,知识产权,3,医疗
1541,知识付费,2,传媒
1542,知识体系,4,培训
1543,知识咨询,8,教育培训
1544,知识图,8,教育培训
1545,知识培训,13,销售
1546,知识库,0,产品
1547,知识点,0,产品
1548,矩阵,2,传媒
1549,短信,0,产品
1550,短视频,2,传媒
1551,研发管理,3,医疗
1552,研发设计,10,设计
1553,研究市场,12,金融
1554,研究领域,8,教育培训
1555,硬件产品,0,产品
1556,硬件工程,13,销售
1557,硬件开发,7,技术研发
1558,硬件测试,7,技术研发
1559,硬件研发,6,技术支持与运维
1560,硬件系统,7,技术研发
1561,硬件维护,6,技术支持与运维
1562,硬件设备,7,技术研发
1563,硬件设计,7,技术研发
1564,硬件调试,7,技术研发
1565,硬笔书,4,培训
1566,礼仪,3,医疗
1567,礼貌,9,生活服务
1568,社交媒体,2,传媒
1569,社交平台,2,传媒
1570,社交技巧,10,设计
1571,社交软件,12,金融
1572,社群,11,运营
1573,神经网络,7,技术研发
1574,票据,1,企业内部管理
1575,福利管理,13,销售
1576,私域流量,11,运营
1577,私教,0,产品
1578,种植,9,生活服务
1579,科普,2,传媒
1580,科研,3,医疗
1581,租售,13,销售
1582,租房,13,销售
1583,租赁,4,培训
1584,秩序维护,9,生活服务
1585,积极主动,13,销售
1586,积极参与,1,企业内部管理
1587,积极向上,4,培训
1588,积极性,9,生活服务
1589,积极进取,6,技术支持与运维
1590,移动互联,0,产品
1591,移动应用,7,技术研发
1592,移动端开发,7,技术研发
1593,移动设备,7,技术研发
1594,程序开发,7,技术研发
1595,程序编写,7,技术研发
1596,程序设计,7,技术研发
1597,税务申报,1,企业内部管理
1598,税务筹划,1,企业内部管理
1599,税务管理,1,企业内部管理
1600,税收,1,企业内部管理
1601,税法,1,企业内部管理
1602,稳定性,6,技术支持与运维
1603,空调系统,9,生活服务
1604,空间设计,10,设计
1605,穿搭,2,传媒
1606,竞争分析,0,产品
1607,竞价,2,传媒
1608,竞品分析,0,产品
1609,竞品调研,0,产品
1610,竞赛,12,金融
1611,竣工验收,6,技术支持与运维
1612,笔记本电脑,8,教育培训
1613,答疑解惑,3,医疗
1614,策划活动,5,市场
1615,策划设计,2,传媒
1616,算法优化,7,技术研发
1617,算法功底,7,技术研发
1618,算法工程,7,技术研发
1619,算法应用,7,技术研发
1620,算法开发,7,技术研发
1621,算法模型,7,技术研发
1622,算法研发,7,技术研发
1623,算法研究,7,技术研发
1624,算法设计,7,技术研发
1625,管家,13,销售
1626,管理体系,3,医疗
1627,管理培训,13,销售
1628,管理学,0,产品
1629,管理岗位,8,教育培训
1630,管理平台,0,产品
1631,管理技能,8,教育培训
1632,管理流程,9,生活服务
1633,管理系统,3,医疗
1634,管理维护,3,医疗
1635,管理质量,3,医疗
1636,篮球,4,培训
1637,粉丝互动,2,传媒
1638,精密,3,医疗
1639,精算,12,金融
1640,系统上线,6,技术支持与运维
1641,系统产品,0,产品
1642,系统优化,7,技术研发
1643,系统使用,0,产品
1644,系统分析,6,技术支持与运维
1645,系统功能,6,技术支持与运维
1646,系统化,0,产品
1647,系统原理,7,技术研发
1648,系统培训,9,生活服务
1649,系统安全,6,技术支持与运维
1650,系统安装,6,技术支持与运维
1651,系统实施,6,技术支持与运维
1652,系统工程,7,技术研发
1653,系统建设,0,产品
1654,系统开发,6,技术支持与运维
1655,系统性能,7,技术研发
1656,系统操作,6,技术支持与运维
1657,系统架构,7,技术研发
1658,系统核心,7,技术研发
1659,系统测试,7,技术研发
1660,系统监控,6,技术支持与运维
1661,系统研发,7,技术研发
1662,系统管理,9,生活服务
1663,系统维护,6,技术支持与运维
1664,系统自动,9,生活服务
1665,系统设计,7,技术研发
1666,系统调试,6,技术支持与运维
1667,系统软件,7,技术研发
1668,系统配置,6,技术支持与运维
1669,系统问题,6,技术支持与运维
1670,系统集成,6,技术支持与运维
1671,系统需求,6,技术支持与运维
1672,素描,10,设计
1673,素材,2,传媒
1674,纠纷处理,12,金融
1675,纪律性,1,企业内部管理
1676,纳税申报,1,企业内部管理
1677,纹绣,9,生活服务
1678,纺织,5,市场
1679,线上培训,8,教育培训
1680,线上平台,11,运营
1681,线上推广,9,生活服务
1682,线上活动,11,运营
1683,线下推广,5,市场
1684,线下活动,5,市场
1685,线性,7,技术研发
1686,练习,8,教育培训
1687,组件开发,7,技术研发
1688,组建团队,13,销售
1689,组织,1,企业内部管理
1690,组装,3,医疗
1691,细心,1,企业内部管理
1692,细致,2,传媒
1693,经典,8,教育培训
1694,经济分析,12,金融
1695,经济学,12,金融
1696,经营分析,1,企业内部管理
1697,经营策略,1,企业内部管理
1698,经营管理,12,金融
1699,绑定,10,设计
1700,结构工程,3,医疗
1701,结构设计,7,技术研发
1702,结算,1,企业内部管理
1703,绘图,10,设计
1704,绘画,10,设计
1705,统筹,1,企业内部管理
1706,统计分析,9,生活服务
1707,统计学,10,设计
1708,统计报表,1,企业内部管理
1709,绩效管理,1,企业内部管理
1710,绩效考核,1,企业内部管理
1711,续费,8,教育培训
1712,维保,6,技术支持与运维
1713,维护与管理,7,技术研发
1714,维护客户,13,销售
1715,维护管理,6,技术支持与运维
1716,维权,11,运营
1717,综合分析,10,设计
1718,综合布线,6,技术支持与运维
1719,综合收入,13,销售
1720,综合管理,1,企业内部管理
1721,综合素质,13,销售
1722,缓存,7,技术研发
1723,编写测试,7,技术研发
1724,编剧,2,传媒
1725,编导,2,传媒
1726,编码,4,培训
1727,编程,7,技术研发
1728,编译,7,技术研发
1729,编辑,2,传媒
1730,缜密,0,产品
1731,缺陷管理,7,技术研发
1732,网上,2,传媒
1733,网关,6,技术支持与运维
1734,网店,11,运营
1735,网文,2,传媒
1736,网点,12,金融
1737,网红,2,传媒
1738,网络优化,6,技术支持与运维
1739,网络分析,6,技术支持与运维
1740,网络协议,7,技术研发
1741,网络咨询,8,教育培训
1742,网络安全,6,技术支持与运维
1743,网络小说,2,传媒
1744,网络工程,6,技术支持与运维
1745,网络平台,2,传媒
1746,网络建设,13,销售
1747,网络招聘,1,企业内部管理
1748,网络推广,5,市场
1749,网络故障,6,技术支持与运维
1750,网络架构,6,技术支持与运维
1751,网络游戏,0,产品
1752,网络环境,6,技术支持与运维
1753,网络管理,6,技术支持与运维
1754,网络维护,6,技术支持与运维
1755,网络营销,5,市场
1756,网络规划,6,技术支持与运维
1757,网络设备,6,技术支持与运维
1758,网络配置,6,技术支持与运维
1759,网络销售,0,产品
1760,网销,13,销售
1761,网页制作,10,设计
1762,网页设计,10,设计
1763,置业,13,销售
1764,美业,9,生活服务
1765,美化,10,设计
1766,美发,13,销售
1767,美妆,2,传媒
1768,美学,10,设计
1769,美容美体,9,生活服务
1770,美工,10,设计
1771,美感,7,技术研发
1772,美术,10,设计
1773,美甲,9,生活服务
1774,美睫,11,运营
1775,美观,13,销售
1776,美食,11,运营
1777,羽毛球,4,培训
1778,考勤管理,1,企业内部管理
1779,考察,13,销售
1780,考研,8,教育培训
1781,考证,4,培训
1782,考试,8,教育培训
1783,耐心,8,教育培训
1784,聊天互动,2,传媒
1785,聊天工具,11,运营
1786,职业培训,4,培训
1787,职业技能,10,设计
1788,职业操守,12,金融
1789,职业教育,4,培训
1790,职业晋升,13,销售
1791,职业素养,3,医疗
1792,职业素质,10,设计
1793,职业规划,13,销售
1794,职业资格,8,教育培训
1795,职业道德,12,金融
1796,职场,1,企业内部管理
1797,联通,0,产品
1798,股票,12,金融
1799,育儿,9,生活服务
1800,育婴,2,传媒
1801,肿瘤,3,医疗
1802,脚手架,7,技术研发
1803,脚本,2,传媒
1804,腾讯,2,传媒
1805,自主学习,8,教育培训
1806,自主开发,1,企业内部管理
1807,自信,13,销售
1808,自动化工具,0,产品
1809,自动化测试,7,技术研发
1810,自动化设备,12,金融
1811,自动控制,7,技术研发
1812,自助,3,医疗
1813,自媒体,2,传媒
1814,自学,11,运营
1815,自定义,6,技术支持与运维
1816,自律,4,培训
1817,自我学习,13,销售
1818,自我管理,13,销售
1819,自我驱动,10,设计
1820,自然语言,7,技术研发
1821,自驱力,13,销售
1822,舞台,2,传媒
1823,舞蹈,4,培训
1824,良好沟通,13,销售
1825,色彩感,10,设计
1826,色感,10,设计
1827,艺术,4,培训
1828,芯片开发,7,技术研发
1829,芯片设计,7,技术研发
1830,芯片验证,7,技术研发
1831,花名册,1,企业内部管理
1832,英文,7,技术研发
1833,英语,8,教育培训
1834,草图,10,设计
1835,药业,5,市场
1836,药品注册,3,医疗
1837,药品管理,3,医疗
1838,药品销售,5,市场
1839,药物研发,3,医疗
1840,药物管理,3,医疗
1841,药理学,3,医疗
1842,菜品,9,生活服务
1843,营业,12,金融
1844,营养学,3,医疗
1845,营运管理,9,生活服务
1846,营销传播,5,市场
1847,营销工具,5,市场
1848,营销技能,5,市场
1849,营销推广,5,市场
1850,营销文案,2,传媒
1851,营销方案,5,市场
1852,营销活动,5,市场
1853,营销策划,5,市场
1854,营销策略,11,运营
1855,营销管理,2,传媒
1856,落地实施,8,教育培训
1857,落地执行,5,市场
1858,蓝图,7,技术研发
1859,蓝牙,7,技术研发
1860,蔬菜,2,传媒
1861,薪酬管理,13,销售
1862,虚拟化,6,技术支持与运维
1863,融资业务,12,金融
1864,融资分析,12,金融
1865,融资管理,12,金融
1866,血管,3,医疗
1867,行为分析,10,设计
1868,行为规范,1,企业内部管理
1869,行情分析,12,金融
1870,行政事务,12,金融
1871,行政后勤,1,企业内部管理
1872,行政管理,1,企业内部管理
1873,表情动画,10,设计
1874,表格,11,运营
1875,表演,2,传媒
1876,表现力,2,传媒
1877,表达沟通,2,传媒
1878,裁剪,7,技术研发
1879,装修设计,10,设计
1880,装备,1,企业内部管理
1881,装订,1,企业内部管理
1882,装配,6,技术支持与运维
1883,装饰,8,教育培训
1884,西班牙语,5,市场
1885,西餐,9,生活服务
1886,观众互动,2,传媒
1887,观察,13,销售
1888,观念,9,生活服务
1889,规划与设计,8,教育培训
1890,规划设计,0,产品
1891,规则制定,11,运营
1892,规章制度,1,企业内部管理
1893,规范制定,7,技术研发
1894,规范化,3,医疗
1895,视觉传达,10,设计
1896,视觉创意,2,传媒
1897,视觉感知,10,设计
1898,视觉把控,2,传媒
1899,视觉效果,7,技术研发
1900,视觉算法,7,技术研发
1901,视觉营销,10,设计
1902,视觉表现,10,设计
1903,视觉表达,10,设计
1904,视觉设计,10,设计
1905,视角,10,设计
1906,视野,1,企业内部管理
1907,视频制作,2,传媒
1908,视频后期,2,传媒
1909,视频平台,2,传媒
1910,视频广告,2,传媒
1911,视频策划,2,传媒
1912,角色制作,10,设计
1913,角色设计,10,设计
1914,解决客户问题,5,市场
1915,解决法律,3,医疗
1916,解决问题,11,运营
1917,解析,8,教育培训
1918,解答,0,产品
1919,解读,3,医疗
1920,解题技巧,7,技术研发
1921,计划制定,3,医疗
1922,计算机操作,11,运营
1923,计算机科学,7,技术研发
1924,计算机网络,6,技术支持与运维
1925,计算机视觉,7,技术研发
1926,计算机软件,7,技术研发
1927,计算框架,7,技术研发
1928,订单处理,11,运营
1929,订单生产,13,销售
1930,订单管理,9,生活服务
1931,订单跟踪,0,产品
1932,认真,5,市场
1933,训练计划,13,销售
1934,记账,1,企业内部管理
1935,讲座,4,培训
1936,讲解,8,教育培训
1937,讲课,8,教育培训
1938,论坛,11,运营
1939,论文发表,7,技术研发
1940,论证,3,医疗
1941,设备安装,6,技术支持与运维
1942,设备开发,7,技术研发
1943,设备故障,6,技术支持与运维
1944,设备管理,8,教育培训
1945,设备维护,3,医疗
1946,设备调试,6,技术支持与运维
1947,设备配置,6,技术支持与运维
1948,设备驱动,0,产品
1949,设置,6,技术支持与运维
1950,设计与制作,10,设计
1951,设计创意,0,产品
1952,设计制作,10,设计
1953,设计原理,10,设计
1954,设计培训,4,培训
1955,设计工具,10,设计
1956,设计工程,7,技术研发
1957,设计开发,6,技术支持与运维
1958,设计思维,10,设计
1959,设计感,10,设计
1960,设计指导,0,产品
1961,设计方案,10,设计
1962,设计标准,10,设计
1963,设计模式,7,技术研发
1964,设计测试,7,技术研发
1965,设计理念,10,设计
1966,设计相关,10,设计
1967,设计管理,0,产品
1968,设计规划,0,产品
1969,设计规范,10,设计
1970,设计软件,10,设计
1971,访谈,2,传媒
1972,证券交易,13,销售
1973,证券分析,12,金融
1974,评审,3,医疗
1975,评论,11,运营
1976,识别算法,7,技术研发
1977,诉讼,1,企业内部管理
1978,诊断和治疗,3,医疗
1979,诊疗,3,医疗
1980,试验操作,0,产品
1981,诚信,5,市场
1982,诚实,6,技术支持与运维
1983,话术,4,培训
1984,询价,11,运营
1985,询盘,13,销售
1986,详情页设计,10,设计
1987,语义理解,3,医疗
1988,语法,7,技术研发
1989,语言功底,0,产品
1990,语言处理,7,技术研发
1991,语言沟通,2,传媒
1992,语言理解,3,医疗
1993,语言表达,13,销售
1994,语言逻辑,7,技术研发
1995,语音识别,7,技术研发
1996,课件制作,4,培训
1997,课后,8,教育培训
1998,课堂教学,8,教育培训
1999,课程介绍,8,教育培训
2000,课程培训,8,教育培训
2001,课程学习,8,教育培训
2002,课程安排,4,培训
2003,课程开发,8,教育培训
2004,课程推广,4,培训
2005,课程教学,4,培训
2006,课程规划,8,教育培训
2007,课程讲授,4,培训
2008,课程设计,4,培训
2009,调动气氛,2,传媒
2010,调度,0,产品
2011,调查,12,金融
2012,调研分析,0,产品
2013,调色,2,传媒
2014,调解,12,金融
2015,谈判,13,销售
2016,谦虚,12,金融
2017,谨慎,1,企业内部管理
2018,负责培训,4,培训
2019,负载均衡,6,技术支持与运维
2020,财会,12,金融
2021,财务分析,1,企业内部管理
2022,财务处理,1,企业内部管理
2023,财务报告,1,企业内部管理
2024,财务报表,1,企业内部管理
2025,财务知识,12,金融
2026,财务管理,1,企业内部管理
2027,财务系统,6,技术支持与运维
2028,财务软件,1,企业内部管理
2029,财务预算,1,企业内部管理
2030,财富管理,12,金融
2031,财政,1,企业内部管理
2032,财税,1,企业内部管理
2033,财经,1,企业内部管理
2034,责任心,10,设计
2035,责任感,13,销售
2036,账务,12,金融
2037,账单,12,金融
2038,账户管理,2,传媒
2039,货物,9,生活服务
2040,货运,5,市场
2041,质控,3,医疗
2042,质检,11,运营
2043,质量体系,3,医疗
2044,质量保证,3,医疗
2045,质量保障,7,技术研发
2046,质量分析,10,设计
2047,质量安全,4,培训
2048,质量意识,7,技术研发
2049,质量把控,3,医疗
2050,质量控制,3,医疗
2051,质量改进,3,医疗
2052,质量文件,3,医疗
2053,质量标准,3,医疗
2054,质量检测,3,医疗
2055,质量检验,3,医疗
2056,质量监控,3,医疗
2057,质量目标,3,医疗
2058,质量相关,9,生活服务
2059,质量管理,3,医疗
2060,质量记录,3,医疗
2061,质量评估,10,设计
2062,质量问题,3,医疗
2063,购物,13,销售
2064,贷后管理,12,金融
2065,贷款,12,金融
2066,贸易,12,金融
2067,费用管理,9,生活服务
2068,资产处置,12,金融
2069,资产管理,12,金融
2070,资产配置,12,金融
2071,资料信息,3,医疗
2072,资料收集,3,医疗
2073,资料整理,3,医疗
2074,资本市场,12,金融
2075,资源优化,6,技术支持与运维
2076,资源协调,0,产品
2077,资源管理,1,企业内部管理
2078,资源规划,1,企业内部管理
2079,资源调配,0,产品
2080,资讯,2,传媒
2081,资金管理,12,金融
2082,赛事,4,培训
2083,趋势分析,10,设计
2084,足球,8,教育培训
2085,跆拳道,4,培训
2086,跑业务,13,销售
2087,跟单,13,销售
2088,跟踪分析,0,产品
2089,跟踪管理,11,运营
2090,跨境电商,11,运营
2091,路径规划,7,技术研发
2092,路测,7,技术研发
2093,路由,6,技术支持与运维
2094,跳舞,4,培训
2095,踏实,3,医疗
2096,身体健康,4,培训
2097,身体素质,2,传媒
2098,身心健康,8,教育培训
2099,身材,2,传媒
2100,车电子,7,技术研发
2101,车载,7,技术研发
2102,车辆工程,5,市场
2103,车辆维修,4,培训
2104,车辆销售,13,销售
2105,车销,13,销售
2106,车险服务,12,金融
2107,转介绍,4,培训
2108,软件制作,10,设计
2109,软件安装,6,技术支持与运维
2110,软件实施,6,技术支持与运维
2111,软件工具,6,技术支持与运维
2112,软件工程,7,技术研发
2113,软件平台,7,技术研发
2114,软件开发,7,技术研发
2115,软件操作,7,技术研发
2116,软件架构,7,技术研发
2117,软件测试,7,技术研发
2118,软件研发,7,技术研发
2119,软件系统,7,技术研发
2120,软件设计,10,设计
2121,软件质量,7,技术研发
2122,软件销售,13,销售
2123,软文,2,传媒
2124,软硬件,2,传媒
2125,软装设计,13,销售
2126,辅助,8,教育培训
2127,辅导,3,医疗
2128,辅料,13,销售
2129,迁移,6,技术支持与运维
2130,过程管理,6,技术支持与运维
2131,迎宾,12,金融
2132,运作,12,金融
2133,运动员,13,销售
2134,运动控制,7,技术研发
2135,运动规律,10,设计
2136,运算,7,技术研发
2137,运维,6,技术支持与运维
2138,运营,11,运营
2139,运行维护,3,医疗
2140,运输,5,市场
2141,进取心,12,金融
2142,进复管理,6,技术支持与运维
2143,进度跟踪,7,技术研发
2144,进货,3,医疗
2145,进销存,0,产品
2146,追溯,3,医疗
2147,退换,11,运营
2148,送餐,9,生活服务
2149,选品,11,运营
2150,选题,2,传媒
2151,通信,7,技术研发
2152,通讯协议,7,技术研发
2153,速卖通,11,运营
2154,造型,10,设计
2155,逻辑分析,0,产品
2156,逻辑思维,0,产品
2157,逻辑性,7,技术研发
2158,逻辑清晰,0,产品
2159,逻辑设计,0,产品
2160,道具,10,设计
2161,遗传学,3,医疗
2162,邀约客户,13,销售
2163,部署,6,技术支持与运维
2164,部门协调,1,企业内部管理
2165,部门合作,0,产品
2166,部门沟通,0,产品
2167,部门管理,1,企业内部管理
2168,配合,9,生活服务
2169,配电,6,技术支持与运维
2170,配置管理,6,技术支持与运维
2171,配菜,0,产品
2172,配送,9,生活服务
2173,配音,2,传媒
2174,采写,2,传媒
2175,采样,3,医疗
2176,采访,2,传媒
2177,采购,0,产品
2178,重构,7,技术研发
2179,野心,4,培训
2180,量化,12,金融
2181,金蝶,1,企业内部管理
2182,金融业务,12,金融
2183,金融交易,12,金融
2184,金融产品,12,金融
2185,金融保险,12,金融
2186,金融学,12,金融
2187,金融市场,12,金融
2188,金融服务,12,金融
2189,金融机构,5,市场
2190,金融知识,12,金融
2191,鉴别,10,设计
2192,鉴定,3,医疗
2193,钢琴,4,培训
2194,钻研精神,7,技术研发
2195,银行产品,7,技术研发
2196,银行渠道,12,金融
2197,链接,11,运营
2198,销售业务,13,销售
2199,销售业绩,9,生活服务
2200,销售培训,4,培训
2201,销售岗位,11,运营
2202,销售性质,11,运营
2203,销售战略,5,市场
2204,销售技巧,13,销售
2205,销售技能,13,销售
2206,销售推广,12,金融
2207,销售提成,13,销售
2208,销售支持,5,市场
2209,销售方案,5,市场
2210,销售服务,9,生活服务
2211,销售模式,2,传媒
2212,销售流程,4,培训
2213,销售渠道,13,销售
2214,销售策略,5,市场
2215,销售管理,13,销售
2216,销售精英,13,销售
2217,销售顾问,13,销售
2218,锻炼,5,市场
2219,镜头感,2,传媒
2220,镜头表现,2,传媒
2221,长期合作,8,教育培训
2222,门店管理,9,生活服务
2223,门店经营,9,生活服务
2224,门店销售,13,销售
2225,问卷,10,设计
2226,问题分析,7,技术研发
2227,问题处理,6,技术支持与运维
2228,问题定位,6,技术支持与运维
2229,问题排查,6,技术支持与运维
2230,阅读,7,技术研发
2231,防护,7,技术研发
2232,防火,2,传媒
2233,防盗,0,产品
2234,陈列,9,生活服务
2235,陪同,13,销售
2236,随访,3,医疗
2237,难题攻关,3,医疗
2238,集成测试,7,技术研发
2239,雕刻,10,设计
2240,零售,9,生活服务
2241,零部件,6,技术支持与运维
2242,需求分析,0,产品
2243,需求开发,0,产品
2244,需求挖掘,13,销售
2245,需求文档,11,运营
2246,需求沟通,6,技术支持与运维
2247,需求洞察,8,教育培训
2248,需求管理,0,产品
2249,需求调研,0,产品
2250,面试技巧,7,技术研发
2251,面销,13,销售
2252,面食,9,生活服务
2253,鞋,2,传媒
2254,音乐,2,传媒
2255,音频,2,传媒
2256,页面制作,11,运营
2257,页面开发,7,技术研发
2258,页面性能,7,技术研发
2259,页面设计,10,设计
2260,项目分析,6,技术支持与运维
2261,项目实施,6,技术支持与运维
2262,项目建设,6,技术支持与运维
2263,项目开发,7,技术研发
2264,项目成本,6,技术支持与运维
2265,项目执行,0,产品
2266,项目拓展,12,金融
2267,项目推动,0,产品
2268,项目推广,5,市场
2269,项目推进,0,产品
2270,项目数据,10,设计
2271,项目流程,6,技术支持与运维
2272,项目测试,7,技术研发
2273,项目申报,3,医疗
2274,项目研发,3,医疗
2275,项目立项,3,医疗
2276,项目策划,5,市场
2277,项目管理,6,技术支持与运维
2278,项目落地,5,市场
2279,项目融资,12,金融
2280,项目规划,6,技术支持与运维
2281,项目计划,0,产品
2282,项目设计,10,设计
2283,项目调研,12,金融
2284,项目质量,6,技术支持与运维
2285,项目销售,12,金融
2286,项目风险,6,技术支持与运维
2287,项目验收,6,技术支持与运维
2288,顾客服务,9,生活服务
2289,预测,1,企业内部管理
2290,预算管理,1,企业内部管理
2291,预算编制,6,技术支持与运维
2292,预防措施,1,企业内部管理
2293,领导力,13,销售
2294,领悟,10,设计
2295,领班,9,生活服务
2296,频道,0,产品
2297,颜值,4,培训
2298,颜色,10,设计
2299,风控,12,金融
2300,风格定位,2,传媒
2301,风格设计,10,设计
2302,风险分析,12,金融
2303,风险控制,12,金融
2304,风险点,12,金融
2305,风险管控,12,金融
2306,风险管理,12,金融
2307,风险评估,12,金融
2308,风险识别,12,金融
2309,风险防控,11,运营
2310,风险防范,11,运营
2311,风险预警,12,金融
2312,食品安全,3,医疗
2313,食材,0,产品
2314,餐厅,9,生活服务
2315,餐饮,12,金融
2316,饮品制作,9,生活服务
2317,饮料,9,生活服务
2318,饮食,13,销售
2319,首页,2,传媒
2320,驱动开发,7,技术研发
2321,驾照,0,产品
2322,驾驶,7,技术研发
2323,验光,3,医疗
2324,验收测试,0,产品
2325,验货,3,医疗
2326,骨科,3,医疗
2327,高中数学,8,教育培训
2328,高净值客户,12,金融
2329,高分子材料,3,医疗
2330,高可用性,6,技术支持与运维
2331,高并发,7,技术研发
2332,高性能,7,技术研发
2333,高效沟通,10,设计
2334,黑盒测试,7,技术研发
